"","Df","SumsOfSqs","MeanSqs","F.Model","R2","Pr(>F)"
"Treatment",1,0.546621337586054,0.546621337586054,1.32852482128687,0.043263983756302,0.182
"Time",1,0.978791319307498,0.978791319307498,2.37888364969913,0.0774693719903724,0.005
"Residuals",27,11.1091459326499,0.411449849357404,NA,0.879266644253326,NA
"Total",29,12.6345585895435,NA,NA,1,NA
